materials,Var2,Var3,Var4
Aluminium,0.0319,0.000571,0.832
Steel,0.0241,0.000333,1.43
Pine,0.0476,0.00113,0.356
